{
  "chain": [
    {
      "index": 1,
      "timestamp": "2025-11-05T21:56:04.570952",
      "data": {
        "miner": "Hendrik",
        "message": "\u00c4bblercoin lebt!"
      },
      "previous_hash": "0000000000000000000000000000000000000000000000000000000000000000",
      "nonce": 76,
      "hash": "00034066228383c0378fd924af01097b5ee1dba8ec1a00733047f1c84d80db91",
      "duration": 0.0
    },
    {
      "index": 2,
      "timestamp": "2025-11-05T21:56:05.644872",
      "data": {
        "miner": "Hendrik",
        "message": "\u00c4bblercoin lebt!"
      },
      "previous_hash": "00034066228383c0378fd924af01097b5ee1dba8ec1a00733047f1c84d80db91",
      "nonce": 1098,
      "hash": "0002f699bb090db399e17e73a069d93e8c3c5ef2cdc54ba7c149a201b40625d2",
      "duration": 0.01
    },
    {
      "index": 3,
      "timestamp": "2025-11-05T21:56:06.739611",
      "data": {
        "miner": "Hendrik",
        "message": "\u00c4bblercoin lebt!"
      },
      "previous_hash": "0002f699bb090db399e17e73a069d93e8c3c5ef2cdc54ba7c149a201b40625d2",
      "nonce": 76210,
      "hash": "0000d8979375b70b302287565bc2b99501433759807f80c3a895de3b4ea5e5b5",
      "duration": 0.16
    },
    {
      "index": 4,
      "timestamp": "2025-11-05T21:56:07.979597",
      "data": {
        "miner": "Hendrik",
        "message": "\u00c4bblercoin lebt!"
      },
      "previous_hash": "0000d8979375b70b302287565bc2b99501433759807f80c3a895de3b4ea5e5b5",
      "nonce": 253401,
      "hash": "000004025141a0e1ca58b56e66bc21fb372b6677506e40d9f60d2653108a202b",
      "duration": 0.52
    },
    {
      "index": 5,
      "timestamp": "2025-11-05T21:56:09.573366",
      "data": {
        "miner": "Hendrik",
        "message": "\u00c4bblercoin lebt!"
      },
      "previous_hash": "000004025141a0e1ca58b56e66bc21fb372b6677506e40d9f60d2653108a202b",
      "nonce": 25789,
      "hash": "00000c347502747605903bdc67e201f11b6925dace8f493ed8b951233ca84143",
      "duration": 0.06
    },
    {
      "index": 6,
      "timestamp": "2025-11-05T21:56:10.692524",
      "data": {
        "miner": "Hendrik",
        "message": "\u00c4bblercoin lebt!"
      },
      "previous_hash": "00000c347502747605903bdc67e201f11b6925dace8f493ed8b951233ca84143",
      "nonce": 831256,
      "hash": "000000391cc32fe20af391a90c7beef8985f95b385a9d85f8542a9973946996c",
      "duration": 1.68
    },
    {
      "index": 7,
      "timestamp": "2025-11-05T21:56:13.442112",
      "data": {
        "miner": "Hendrik",
        "message": "\u00c4bblercoin lebt!"
      },
      "previous_hash": "000000391cc32fe20af391a90c7beef8985f95b385a9d85f8542a9973946996c",
      "nonce": 54186975,
      "hash": "00000090a621bfc37d8c54236fa3d7d00786fac29b9f49dd7e3cbe67a5794119",
      "duration": 108.51
    },
    {
      "index": 8,
      "timestamp": "2025-11-05T21:58:03.002184",
      "data": {
        "miner": "Hendrik",
        "message": "\u00c4bblercoin lebt!"
      },
      "previous_hash": "00000090a621bfc37d8c54236fa3d7d00786fac29b9f49dd7e3cbe67a5794119",
      "nonce": 1596734,
      "hash": "00000c990a963a6c6823cec67734d22160852246e6116aa5ee7869b1a799bb86",
      "duration": 3.2
    },
    {
      "index": 9,
      "timestamp": "2025-11-05T21:58:07.274351",
      "data": {
        "miner": "Hendrik",
        "message": "\u00c4bblercoin lebt!"
      },
      "previous_hash": "00000c990a963a6c6823cec67734d22160852246e6116aa5ee7869b1a799bb86",
      "nonce": 444500,
      "hash": "00000d8f6cec853e84e4739d6952ff7b954e3f295f826a0a306262d52b18fadb",
      "duration": 0.9
    },
    {
      "index": 10,
      "timestamp": "2025-11-05T21:58:09.250887",
      "data": {
        "miner": "Hendrik",
        "message": "\u00c4bblercoin lebt!"
      },
      "previous_hash": "00000d8f6cec853e84e4739d6952ff7b954e3f295f826a0a306262d52b18fadb",
      "nonce": 810655,
      "hash": "00000bdfd601a65283d681286a62bd8fe626c7950d45ef0ef3e4ffc916632ec9",
      "duration": 1.66
    },
    {
      "index": 11,
      "timestamp": "2025-11-05T21:58:11.989301",
      "data": {
        "miner": "Hendrik",
        "message": "\u00c4bblercoin lebt!"
      },
      "previous_hash": "00000bdfd601a65283d681286a62bd8fe626c7950d45ef0ef3e4ffc916632ec9",
      "nonce": 997477,
      "hash": "00000c92eeb761d30d26afc895cabb26488058256110aa0d5d65fdc4550fd186",
      "duration": 2.02
    },
    {
      "index": 12,
      "timestamp": "2025-11-05T21:58:15.093157",
      "data": {
        "miner": "Hendrik",
        "message": "\u00c4bblercoin lebt!"
      },
      "previous_hash": "00000c92eeb761d30d26afc895cabb26488058256110aa0d5d65fdc4550fd186",
      "nonce": 203610,
      "hash": "00000ca8c1983de976ae3d02cc7e336d7ee2aa8f0b2d00a25b11387afa2fd983",
      "duration": 0.44
    },
    {
      "index": 13,
      "timestamp": "2025-11-05T21:58:16.584592",
      "data": {
        "miner": "Hendrik",
        "message": "\u00c4bblercoin lebt!"
      },
      "previous_hash": "00000ca8c1983de976ae3d02cc7e336d7ee2aa8f0b2d00a25b11387afa2fd983",
      "nonce": 1399737,
      "hash": "0000003e68d8ccb091647de0ce7a2f5390597040315882f7dfafccd81574d461",
      "duration": 2.79
    },
    {
      "index": 14,
      "timestamp": "2025-11-05T21:58:20.437092",
      "data": {
        "miner": "Hendrik",
        "message": "\u00c4bblercoin lebt!"
      },
      "previous_hash": "0000003e68d8ccb091647de0ce7a2f5390597040315882f7dfafccd81574d461",
      "nonce": 27680005,
      "hash": "000000303a2d45aa8eb81170fb698ca87096f3bf58cf40c100d4c27874464d63",
      "duration": 80.81
    },
    {
      "index": 15,
      "timestamp": "2025-11-05T21:59:42.348311",
      "data": {
        "miner": "Hendrik",
        "message": "\u00c4bblercoin lebt!"
      },
      "previous_hash": "000000303a2d45aa8eb81170fb698ca87096f3bf58cf40c100d4c27874464d63",
      "nonce": 210866,
      "hash": "0000098c57def8e1f6e761442bb8d99742573bf2dbd7edf88d7047ec77b79e6d",
      "duration": 1.03
    },
    {
      "index": 16,
      "timestamp": "2025-11-05T21:59:44.480131",
      "data": {
        "miner": "Hendrik",
        "message": "\u00c4bblercoin lebt!"
      },
      "previous_hash": "0000098c57def8e1f6e761442bb8d99742573bf2dbd7edf88d7047ec77b79e6d",
      "nonce": 784481,
      "hash": "000001d9cecc99ce71866e3be122dee0b851d112f2b50650c8bebd776c62cdba",
      "duration": 3.73
    },
    {
      "index": 17,
      "timestamp": "2025-11-05T21:59:49.315779",
      "data": {
        "miner": "Hendrik",
        "message": "\u00c4bblercoin lebt!"
      },
      "previous_hash": "000001d9cecc99ce71866e3be122dee0b851d112f2b50650c8bebd776c62cdba",
      "nonce": 982462,
      "hash": "0000074d50dbd99cbcd7d4d511170bcb395133fa9bec92b3336ecec53e507157",
      "duration": 4.59
    },
    {
      "index": 18,
      "timestamp": "2025-11-05T21:59:55.000237",
      "data": {
        "miner": "Hendrik",
        "message": "\u00c4bblercoin lebt!"
      },
      "previous_hash": "0000074d50dbd99cbcd7d4d511170bcb395133fa9bec92b3336ecec53e507157",
      "nonce": 423384,
      "hash": "00000c6b83e911403e3845b04ee98fcf81507b4618c168d09550c804ae05d283",
      "duration": 2.01
    },
    {
      "index": 19,
      "timestamp": "2025-11-05T21:59:58.087004",
      "data": {
        "miner": "Hendrik",
        "message": "\u00c4bblercoin lebt!"
      },
      "previous_hash": "00000c6b83e911403e3845b04ee98fcf81507b4618c168d09550c804ae05d283",
      "nonce": 1091892,
      "hash": "000002b588138920d215755e92644193ea4e8eb1db0f1bf67ff44280ed73c8eb",
      "duration": 5.1
    },
    {
      "index": 20,
      "timestamp": "2025-11-05T22:00:04.278659",
      "data": {
        "miner": "Hendrik",
        "message": "\u00c4bblercoin lebt!"
      },
      "previous_hash": "000002b588138920d215755e92644193ea4e8eb1db0f1bf67ff44280ed73c8eb",
      "nonce": 379603,
      "hash": "0000a41c067da19a9080378fc29388a7bc8d41ed93a70905020cee83e48d1539",
      "duration": 1.78
    },
    {
      "index": 21,
      "timestamp": "2025-11-05T22:00:07.177802",
      "data": {
        "miner": "Hendrik",
        "message": "\u00c4bblercoin lebt!"
      },
      "previous_hash": "0000a41c067da19a9080378fc29388a7bc8d41ed93a70905020cee83e48d1539",
      "nonce": 13509,
      "hash": "0000f4f9ba222af8e9b6de6727e8f3d2a78b68b5fba272db5cb09143414703b3",
      "duration": 0.06
    },
    {
      "index": 22,
      "timestamp": "2025-11-05T22:00:08.360992",
      "data": {
        "miner": "Hendrik",
        "message": "\u00c4bblercoin lebt!"
      },
      "previous_hash": "0000f4f9ba222af8e9b6de6727e8f3d2a78b68b5fba272db5cb09143414703b3",
      "nonce": 1749481,
      "hash": "00000c5c1e6b6f804a1edfe3850e026c80556006df66f7f6fd708fe82fb42aae",
      "duration": 8.25
    },
    {
      "index": 23,
      "timestamp": "2025-11-05T22:00:17.707052",
      "data": {
        "miner": "Hendrik",
        "message": "\u00c4bblercoin lebt!"
      },
      "previous_hash": "00000c5c1e6b6f804a1edfe3850e026c80556006df66f7f6fd708fe82fb42aae",
      "nonce": 11973,
      "hash": "000079c15e00756c0af1e81cd29c5ee46c07a41fa9b10ba2483226de3c29a190",
      "duration": 0.06
    },
    {
      "index": 24,
      "timestamp": "2025-11-05T22:00:18.891004",
      "data": {
        "miner": "Hendrik",
        "message": "\u00c4bblercoin lebt!"
      },
      "previous_hash": "000079c15e00756c0af1e81cd29c5ee46c07a41fa9b10ba2483226de3c29a190",
      "nonce": 68027,
      "hash": "00000b2e099959f6ed7c300260b6008024d7f5f15da196b25f5024463d29e73f",
      "duration": 0.33
    },
    {
      "index": 25,
      "timestamp": "2025-11-05T22:00:20.323834",
      "data": {
        "miner": "Hendrik",
        "message": "\u00c4bblercoin lebt!"
      },
      "previous_hash": "00000b2e099959f6ed7c300260b6008024d7f5f15da196b25f5024463d29e73f",
      "nonce": 18362644,
      "hash": "0000000f8cbe291595c11fd56e986a4e819eb27cdaae6952283c1fa09f4b3b09",
      "duration": 78.76
    },
    {
      "index": 26,
      "timestamp": "2025-11-05T22:01:40.189424",
      "data": {
        "miner": "Hendrik",
        "message": "\u00c4bblercoin lebt!"
      },
      "previous_hash": "0000000f8cbe291595c11fd56e986a4e819eb27cdaae6952283c1fa09f4b3b09",
      "nonce": 659709,
      "hash": "000006889841b02e13209c8de7f16db271513b63486ff07c43698db0aa23f516",
      "duration": 3.15
    },
    {
      "index": 27,
      "timestamp": "2025-11-05T22:01:44.432934",
      "data": {
        "miner": "Hendrik",
        "message": "\u00c4bblercoin lebt!"
      },
      "previous_hash": "000006889841b02e13209c8de7f16db271513b63486ff07c43698db0aa23f516",
      "nonce": 3887715,
      "hash": "00000838d6cfc0a34da7e5bfdfae95fbcac2d75ea749b0566b941291c191dcbf",
      "duration": 18.37
    },
    {
      "index": 28,
      "timestamp": "2025-11-05T22:02:03.892667",
      "data": {
        "miner": "Hendrik",
        "message": "\u00c4bblercoin lebt!"
      },
      "previous_hash": "00000838d6cfc0a34da7e5bfdfae95fbcac2d75ea749b0566b941291c191dcbf",
      "nonce": 8520,
      "hash": "0000ef115a175a037cca26231064d7812f16d07bc051eaa48fce49b55770af02",
      "duration": 0.03
    },
    {
      "index": 29,
      "timestamp": "2025-11-05T22:02:05.029699",
      "data": {
        "miner": "Hendrik",
        "message": "\u00c4bblercoin lebt!"
      },
      "previous_hash": "0000ef115a175a037cca26231064d7812f16d07bc051eaa48fce49b55770af02",
      "nonce": 98086,
      "hash": "00000adadecf520ad0b8333e9033907ec159b6e1d042b632c9b1db21145e37cb",
      "duration": 0.39
    },
    {
      "index": 30,
      "timestamp": "2025-11-05T22:02:06.511478",
      "data": {
        "miner": "Hendrik",
        "message": "\u00c4bblercoin lebt!"
      },
      "previous_hash": "00000adadecf520ad0b8333e9033907ec159b6e1d042b632c9b1db21145e37cb",
      "nonce": 5188153,
      "hash": "00000025cb0ea31869775ee0d5b1f180d36986f43793aa8ed57f0e56646ca1cd",
      "duration": 24.65
    },
    {
      "index": 31,
      "timestamp": "2025-11-05T22:02:32.251167",
      "data": {
        "miner": "Hendrik",
        "message": "\u00c4bblercoin lebt!"
      },
      "previous_hash": "00000025cb0ea31869775ee0d5b1f180d36986f43793aa8ed57f0e56646ca1cd",
      "nonce": 704281,
      "hash": "0000000dbe9420d2b31f65d66d8f4d8a3e070b6819dd0d8ced06d99edae19e5d",
      "duration": 3.37
    },
    {
      "index": 32,
      "timestamp": "2025-11-05T22:02:36.716894",
      "data": {
        "miner": "Hendrik",
        "message": "\u00c4bblercoin lebt!"
      },
      "previous_hash": "0000000dbe9420d2b31f65d66d8f4d8a3e070b6819dd0d8ced06d99edae19e5d",
      "nonce": 222063,
      "hash": "00000e5c46133534a942121681ff2ccccc2c2647b08fe09a79c13b3ffd555538",
      "duration": 1.04
    },
    {
      "index": 33,
      "timestamp": "2025-11-05T22:02:38.864390",
      "data": {
        "miner": "Hendrik",
        "message": "\u00c4bblercoin lebt!"
      },
      "previous_hash": "00000e5c46133534a942121681ff2ccccc2c2647b08fe09a79c13b3ffd555538",
      "nonce": 1000897,
      "hash": "0000062e031e3a359f1997c710d90bf1d7f5bc18630a014f888aae6f24aa1c3a",
      "duration": 4.76
    },
    {
      "index": 34,
      "timestamp": "2025-11-05T22:02:44.748782",
      "data": {
        "miner": "Hendrik",
        "message": "\u00c4bblercoin lebt!"
      },
      "previous_hash": "0000062e031e3a359f1997c710d90bf1d7f5bc18630a014f888aae6f24aa1c3a",
      "nonce": 727944,
      "hash": "00000595590b0c06bce74226e14fe3ad89a800eae7be68fea22a2ac4bd950711",
      "duration": 3.47
    },
    {
      "index": 35,
      "timestamp": "2025-11-05T22:02:49.315548",
      "data": {
        "miner": "Hendrik",
        "message": "\u00c4bblercoin lebt!"
      },
      "previous_hash": "00000595590b0c06bce74226e14fe3ad89a800eae7be68fea22a2ac4bd950711",
      "nonce": 811748,
      "hash": "00000355e37b49ed8eeedfdcd14b3b8e3d80acff243b1a9d175809c272c7901c",
      "duration": 3.87
    },
    {
      "index": 36,
      "timestamp": "2025-11-05T22:02:54.280304",
      "data": {
        "miner": "Hendrik",
        "message": "\u00c4bblercoin lebt!"
      },
      "previous_hash": "00000355e37b49ed8eeedfdcd14b3b8e3d80acff243b1a9d175809c272c7901c",
      "nonce": 215757,
      "hash": "00000fec10eb06d5b4035398c492b71f6c60337402b812f7f2966580335acbf8",
      "duration": 1.05
    },
    {
      "index": 37,
      "timestamp": "2025-11-05T22:02:56.442874",
      "data": {
        "miner": "Hendrik",
        "message": "\u00c4bblercoin lebt!"
      },
      "previous_hash": "00000fec10eb06d5b4035398c492b71f6c60337402b812f7f2966580335acbf8",
      "nonce": 1549191,
      "hash": "000003ea56b3697e14a80a0269748cdc1c513a6e750e502b39c31107bf7265ac",
      "duration": 7.34
    },
    {
      "index": 38,
      "timestamp": "2025-11-05T22:03:04.874933",
      "data": {
        "miner": "Hendrik",
        "message": "\u00c4bblercoin lebt!"
      },
      "previous_hash": "000003ea56b3697e14a80a0269748cdc1c513a6e750e502b39c31107bf7265ac",
      "nonce": 9758,
      "hash": "0000e496ed5300eebc4d29eced76bcca996eb24bd4e58f4c99b2d0df68d0bd88",
      "duration": 0.06
    },
    {
      "index": 39,
      "timestamp": "2025-11-05T22:03:06.026243",
      "data": {
        "miner": "Hendrik",
        "message": "\u00c4bblercoin lebt!"
      },
      "previous_hash": "0000e496ed5300eebc4d29eced76bcca996eb24bd4e58f4c99b2d0df68d0bd88",
      "nonce": 155001,
      "hash": "00000ed76db31325d02228fe03a8cfb4217fcf932c17a1a08d39b6816bb5efad",
      "duration": 0.75
    },
    {
      "index": 40,
      "timestamp": "2025-11-05T22:03:07.889063",
      "data": {
        "miner": "Hendrik",
        "message": "\u00c4bblercoin lebt!"
      },
      "previous_hash": "00000ed76db31325d02228fe03a8cfb4217fcf932c17a1a08d39b6816bb5efad",
      "nonce": 188616,
      "hash": "00000f416eaeb962ea621d08ce44e048651475512bc55803d68f5446d08013c9",
      "duration": 0.93
    },
    {
      "index": 41,
      "timestamp": "2025-11-05T22:03:09.916267",
      "data": {
        "miner": "Hendrik",
        "message": "\u00c4bblercoin lebt!"
      },
      "previous_hash": "00000f416eaeb962ea621d08ce44e048651475512bc55803d68f5446d08013c9",
      "nonce": 4332853,
      "hash": "000006ef474048d0023ad01f4f97412331d2e1450a0454c4b128f881a73f5a95",
      "duration": 20.65
    },
    {
      "index": 42,
      "timestamp": "2025-11-05T22:03:31.685584",
      "data": {
        "miner": "Hendrik",
        "message": "\u00c4bblercoin lebt!"
      },
      "previous_hash": "000006ef474048d0023ad01f4f97412331d2e1450a0454c4b128f881a73f5a95",
      "nonce": 117831,
      "hash": "0000e4755577d4d9486af2344d9f258bf78b0d0887af89814f504940583a5496",
      "duration": 0.56
    },
    {
      "index": 43,
      "timestamp": "2025-11-05T22:03:33.353272",
      "data": {
        "miner": "Hendrik",
        "message": "\u00c4bblercoin lebt!"
      },
      "previous_hash": "0000e4755577d4d9486af2344d9f258bf78b0d0887af89814f504940583a5496",
      "nonce": 129963,
      "hash": "00004f341395176af880a0c293090149387d1372715e962ffcba099a02f66aab",
      "duration": 0.62
    },
    {
      "index": 44,
      "timestamp": "2025-11-05T22:03:35.097383",
      "data": {
        "miner": "Hendrik",
        "message": "\u00c4bblercoin lebt!"
      },
      "previous_hash": "00004f341395176af880a0c293090149387d1372715e962ffcba099a02f66aab",
      "nonce": 1838,
      "hash": "0000fb02a67413b19dc144b383c47cebf043beb766b9a3819139b2712af69899",
      "duration": 0.01
    },
    {
      "index": 45,
      "timestamp": "2025-11-05T22:03:36.232154",
      "data": {
        "miner": "Hendrik",
        "message": "\u00c4bblercoin lebt!"
      },
      "previous_hash": "0000fb02a67413b19dc144b383c47cebf043beb766b9a3819139b2712af69899",
      "nonce": 407734,
      "hash": "00000a13814f37238f40657b79b3b2efd3e5ea0b9dbbed99f091e81d7940f995",
      "duration": 1.96
    },
    {
      "index": 46,
      "timestamp": "2025-11-05T22:03:39.289863",
      "data": {
        "miner": "Hendrik",
        "message": "\u00c4bblercoin lebt!"
      },
      "previous_hash": "00000a13814f37238f40657b79b3b2efd3e5ea0b9dbbed99f091e81d7940f995",
      "nonce": 372073,
      "hash": "00000fc3fbfe1a9102da32dd8992e18e084255357c5235b44a1ddf3bf28bee92",
      "duration": 1.77
    },
    {
      "index": 47,
      "timestamp": "2025-11-05T22:03:42.177783",
      "data": {
        "miner": "Hendrik",
        "message": "\u00c4bblercoin lebt!"
      },
      "previous_hash": "00000fc3fbfe1a9102da32dd8992e18e084255357c5235b44a1ddf3bf28bee92",
      "nonce": 19054,
      "hash": "000008ca3643cab8087f2650a06fb14d46549754852bd086d71e5df251fba6b3",
      "duration": 0.09
    },
    {
      "index": 48,
      "timestamp": "2025-11-05T22:03:43.358595",
      "data": {
        "miner": "Hendrik",
        "message": "\u00c4bblercoin lebt!"
      },
      "previous_hash": "000008ca3643cab8087f2650a06fb14d46549754852bd086d71e5df251fba6b3",
      "nonce": 6968201,
      "hash": "00000070bc7049e1667e57978293f39784f77c3036565658be1afad7e045d68d",
      "duration": 22.86
    },
    {
      "index": 49,
      "timestamp": "2025-11-05T22:04:07.299386",
      "data": {
        "miner": "Hendrik",
        "message": "\u00c4bblercoin lebt!"
      },
      "previous_hash": "00000070bc7049e1667e57978293f39784f77c3036565658be1afad7e045d68d",
      "nonce": 338227,
      "hash": "000006f8280c784734a34b716dc1f47fdc1d22443d29539b79cd866c2b98a2fe",
      "duration": 0.71
    },
    {
      "index": 50,
      "timestamp": "2025-11-05T22:04:09.063440",
      "data": {
        "miner": "Hendrik",
        "message": "\u00c4bblercoin lebt!"
      },
      "previous_hash": "000006f8280c784734a34b716dc1f47fdc1d22443d29539b79cd866c2b98a2fe",
      "nonce": 2236668,
      "hash": "00000ce85009ca772c3bd4c2fd05be99b90c18db04f24d5879f8054ca680be95",
      "duration": 8.08
    },
    {
      "index": 51,
      "timestamp": "2025-11-05T22:04:18.251079",
      "data": {
        "miner": "Hendrik",
        "message": "\u00c4bblercoin lebt!"
      },
      "previous_hash": "00000ce85009ca772c3bd4c2fd05be99b90c18db04f24d5879f8054ca680be95",
      "nonce": 55169,
      "hash": "00004e22efd73e16e4b0aa279d3b9e45aea376a73a96840c5969670a1ace4646",
      "duration": 0.27
    },
    {
      "index": 52,
      "timestamp": "2025-11-05T22:04:19.628870",
      "data": {
        "miner": "Hendrik",
        "message": "\u00c4bblercoin lebt!"
      },
      "previous_hash": "00004e22efd73e16e4b0aa279d3b9e45aea376a73a96840c5969670a1ace4646",
      "nonce": 1595009,
      "hash": "0000092f7fdd5db0761be0b27e55b086d19ee63a7409da483a9cee7611585c40",
      "duration": 7.59
    },
    {
      "index": 53,
      "timestamp": "2025-11-05T22:04:28.316426",
      "data": {
        "miner": "Hendrik",
        "message": "\u00c4bblercoin lebt!"
      },
      "previous_hash": "0000092f7fdd5db0761be0b27e55b086d19ee63a7409da483a9cee7611585c40",
      "nonce": 69153,
      "hash": "0000a76b745cf6cfdc835c49a6257d4f2a37abb05a63bf15a9b78688fb5dd2f6",
      "duration": 0.33
    },
    {
      "index": 54,
      "timestamp": "2025-11-05T22:04:29.761253",
      "data": {
        "miner": "Hendrik",
        "message": "\u00c4bblercoin lebt!"
      },
      "previous_hash": "0000a76b745cf6cfdc835c49a6257d4f2a37abb05a63bf15a9b78688fb5dd2f6",
      "nonce": 1161022,
      "hash": "00000240009f950425433a5c4b53ba10ef6be5f86dc57f54d160387e406b2b17",
      "duration": 5.49
    },
    {
      "index": 55,
      "timestamp": "2025-11-05T22:04:36.340063",
      "data": {
        "miner": "Hendrik",
        "message": "\u00c4bblercoin lebt!"
      },
      "previous_hash": "00000240009f950425433a5c4b53ba10ef6be5f86dc57f54d160387e406b2b17",
      "nonce": 59688,
      "hash": "0000a3ff27c37949650fd354483c73f76b614edbc42a38d50a5856bf2259eaf7",
      "duration": 0.27
    },
    {
      "index": 56,
      "timestamp": "2025-11-05T22:04:37.717070",
      "data": {
        "miner": "Hendrik",
        "message": "\u00c4bblercoin lebt!"
      },
      "previous_hash": "0000a3ff27c37949650fd354483c73f76b614edbc42a38d50a5856bf2259eaf7",
      "nonce": 526010,
      "hash": "00000358c27d626d1107c43fe8abea5733de110fa03b0c3e3a66f5c2457fb767",
      "duration": 2.52
    },
    {
      "index": 57,
      "timestamp": "2025-11-05T22:04:41.321875",
      "data": {
        "miner": "Hendrik",
        "message": "\u00c4bblercoin lebt!"
      },
      "previous_hash": "00000358c27d626d1107c43fe8abea5733de110fa03b0c3e3a66f5c2457fb767",
      "nonce": 1395856,
      "hash": "00000696dca344fa5b31e4d570f49efc3c28a2c308e3651e02e304b247674a06",
      "duration": 6.55
    },
    {
      "index": 58,
      "timestamp": "2025-11-05T22:04:48.970131",
      "data": {
        "miner": "Hendrik",
        "message": "\u00c4bblercoin lebt!"
      },
      "previous_hash": "00000696dca344fa5b31e4d570f49efc3c28a2c308e3651e02e304b247674a06",
      "nonce": 7688,
      "hash": "00008e2116f54e3798651e92a7329f183aba952a1db647bf6bff05187d2c4e87",
      "duration": 0.04
    },
    {
      "index": 59,
      "timestamp": "2025-11-05T22:04:50.129580",
      "data": {
        "miner": "Hendrik",
        "message": "\u00c4bblercoin lebt!"
      },
      "previous_hash": "00008e2116f54e3798651e92a7329f183aba952a1db647bf6bff05187d2c4e87",
      "nonce": 63786,
      "hash": "00000e631f2569d5ddabcea31ed0bb62b4c8da87bbb8863da5e177311e99a873",
      "duration": 0.35
    },
    {
      "index": 60,
      "timestamp": "2025-11-05T22:04:51.578175",
      "data": {
        "miner": "Hendrik",
        "message": "\u00c4bblercoin lebt!"
      },
      "previous_hash": "00000e631f2569d5ddabcea31ed0bb62b4c8da87bbb8863da5e177311e99a873",
      "nonce": 16938377,
      "hash": "00000069ce0a51171fed20ccbbd434e5483b3f4091456de991679b48a68cf9c1",
      "duration": 80.24
    },
    {
      "index": 61,
      "timestamp": "2025-11-05T22:06:12.911422",
      "data": {
        "miner": "Hendrik",
        "message": "\u00c4bblercoin lebt!"
      },
      "previous_hash": "00000069ce0a51171fed20ccbbd434e5483b3f4091456de991679b48a68cf9c1",
      "nonce": 1018823,
      "hash": "0000080b1ce862b359ef667acc8511b62de67784f0c0052025384ca7c26fb520",
      "duration": 4.93
    },
    {
      "index": 62,
      "timestamp": "2025-11-05T22:06:18.942392",
      "data": {
        "miner": "Hendrik",
        "message": "\u00c4bblercoin lebt!"
      },
      "previous_hash": "0000080b1ce862b359ef667acc8511b62de67784f0c0052025384ca7c26fb520",
      "nonce": 1817508,
      "hash": "000001908437ac897ae0c85035cee899f981c12bb20d3471dfef60cd82e8a361",
      "duration": 8.48
    },
    {
      "index": 63,
      "timestamp": "2025-11-05T22:06:28.537747",
      "data": {
        "miner": "Hendrik",
        "message": "\u00c4bblercoin lebt!"
      },
      "previous_hash": "000001908437ac897ae0c85035cee899f981c12bb20d3471dfef60cd82e8a361",
      "nonce": 53756,
      "hash": "00003cd4d9a0a253000c1013c9968ce6b8765e34a621a122d6eb113ed7ede58b",
      "duration": 0.26
    },
    {
      "index": 64,
      "timestamp": "2025-11-05T22:06:29.905483",
      "data": {
        "miner": "Hendrik",
        "message": "\u00c4bblercoin lebt!"
      },
      "previous_hash": "00003cd4d9a0a253000c1013c9968ce6b8765e34a621a122d6eb113ed7ede58b",
      "nonce": 225666,
      "hash": "000004bd89341480541af7e3421816d03408c13a8146c8cec258bf42d473f4bf",
      "duration": 1.06
    },
    {
      "index": 65,
      "timestamp": "2025-11-05T22:06:32.056186",
      "data": {
        "miner": "Hendrik",
        "message": "\u00c4bblercoin lebt!"
      },
      "previous_hash": "000004bd89341480541af7e3421816d03408c13a8146c8cec258bf42d473f4bf",
      "nonce": 258208,
      "hash": "00000a9d3196cee1424ae0d91fba976a08f701a3bb72e1d6ab30249e4708ad8f",
      "duration": 1.2
    },
    {
      "index": 66,
      "timestamp": "2025-11-05T22:06:34.375547",
      "data": {
        "miner": "Hendrik",
        "message": "\u00c4bblercoin lebt!"
      },
      "previous_hash": "00000a9d3196cee1424ae0d91fba976a08f701a3bb72e1d6ab30249e4708ad8f",
      "nonce": 163252,
      "hash": "0000049f15ae6fc59834f8496cdcbf1a9093f1b7ac3d906b1ddac75d2c0c0b62",
      "duration": 0.78
    },
    {
      "index": 67,
      "timestamp": "2025-11-05T22:06:36.257908",
      "data": {
        "miner": "Hendrik",
        "message": "\u00c4bblercoin lebt!"
      },
      "previous_hash": "0000049f15ae6fc59834f8496cdcbf1a9093f1b7ac3d906b1ddac75d2c0c0b62",
      "nonce": 1424228,
      "hash": "0000091ed45f779209bf7b4c3ba2d6e129029d91365b8916b38b878fc49320b4",
      "duration": 4.47
    },
    {
      "index": 68,
      "timestamp": "2025-11-05T22:06:41.782955",
      "data": {
        "miner": "Hendrik",
        "message": "\u00c4bblercoin lebt!"
      },
      "previous_hash": "0000091ed45f779209bf7b4c3ba2d6e129029d91365b8916b38b878fc49320b4",
      "nonce": 271460,
      "hash": "000005b12266d0153b9c7d7126c8c023fb30581ef85a458f17f0c1ee3041f7e0",
      "duration": 0.54
    },
    {
      "index": 69,
      "timestamp": "2025-11-05T22:06:43.388544",
      "data": {
        "miner": "Hendrik",
        "message": "\u00c4bblercoin lebt!"
      },
      "previous_hash": "000005b12266d0153b9c7d7126c8c023fb30581ef85a458f17f0c1ee3041f7e0",
      "nonce": 925197,
      "hash": "00000698bff880a94a3bfdafd768d2b60f43967ce98a3fe7ab94d8b2d0289835",
      "duration": 4.3
    },
    {
      "index": 70,
      "timestamp": "2025-11-05T22:06:48.796286",
      "data": {
        "miner": "Hendrik",
        "message": "\u00c4bblercoin lebt!"
      },
      "previous_hash": "00000698bff880a94a3bfdafd768d2b60f43967ce98a3fe7ab94d8b2d0289835",
      "nonce": 251568,
      "hash": "000004e1b243469be839dbac9c520f132b3c3676005e94bc0d11c7f229469837",
      "duration": 1.2
    },
    {
      "index": 71,
      "timestamp": "2025-11-05T22:06:51.108923",
      "data": {
        "miner": "Hendrik",
        "message": "\u00c4bblercoin lebt!"
      },
      "previous_hash": "000004e1b243469be839dbac9c520f132b3c3676005e94bc0d11c7f229469837",
      "nonce": 454492,
      "hash": "000000af986205160bb4b7b9866db70785c2f9514754652d414b9afefdb33133",
      "duration": 2.19
    },
    {
      "index": 72,
      "timestamp": "2025-11-05T22:06:54.391327",
      "data": {
        "miner": "Hendrik",
        "message": "\u00c4bblercoin lebt!"
      },
      "previous_hash": "000000af986205160bb4b7b9866db70785c2f9514754652d414b9afefdb33133",
      "nonce": 2307118,
      "hash": "000003623832bfcb21ac402959bc2eaa3a4204105e3bf2ba811853e5bbea305c",
      "duration": 10.76
    },
    {
      "index": 73,
      "timestamp": "2025-11-05T22:07:06.245332",
      "data": {
        "miner": "Hendrik",
        "message": "\u00c4bblercoin lebt!"
      },
      "previous_hash": "000003623832bfcb21ac402959bc2eaa3a4204105e3bf2ba811853e5bbea305c",
      "nonce": 11443,
      "hash": "0000c7539f8f07131ec2115d9d56874841966790def201f0ed7c949310294535",
      "duration": 0.05
    },
    {
      "index": 74,
      "timestamp": "2025-11-05T22:07:07.376109",
      "data": {
        "miner": "Hendrik",
        "message": "\u00c4bblercoin lebt!"
      },
      "previous_hash": "0000c7539f8f07131ec2115d9d56874841966790def201f0ed7c949310294535",
      "nonce": 89691,
      "hash": "00000a3f2faf6ea754dd44fe5ad0a161b75ed2773fc24cde8cf0cba8eeb5af7b",
      "duration": 0.43
    },
    {
      "index": 75,
      "timestamp": "2025-11-05T22:07:08.902598",
      "data": {
        "miner": "Hendrik",
        "message": "\u00c4bblercoin lebt!"
      },
      "previous_hash": "00000a3f2faf6ea754dd44fe5ad0a161b75ed2773fc24cde8cf0cba8eeb5af7b",
      "nonce": 11325231,
      "hash": "00000058895d0ed90f63726d49e784f5714c6bf634600b06a98d2c1dfbafc565",
      "duration": 54.07
    },
    {
      "index": 76,
      "timestamp": "2025-11-05T22:08:04.083156",
      "data": {
        "miner": "Hendrik",
        "message": "\u00c4bblercoin lebt!"
      },
      "previous_hash": "00000058895d0ed90f63726d49e784f5714c6bf634600b06a98d2c1dfbafc565",
      "nonce": 510142,
      "hash": "000003c0ba19cff0c40db405852ac08ef0ffb717710045d6a0fa070a0ae5635b",
      "duration": 2.4
    },
    {
      "index": 77,
      "timestamp": "2025-11-05T22:08:07.573258",
      "data": {
        "miner": "Hendrik",
        "message": "\u00c4bblercoin lebt!"
      },
      "previous_hash": "000003c0ba19cff0c40db405852ac08ef0ffb717710045d6a0fa070a0ae5635b",
      "nonce": 2725755,
      "hash": "0000075d7388676fd5f439db4a9931cefbe234afecbd41e256b42d709efdfacd",
      "duration": 12.95
    },
    {
      "index": 78,
      "timestamp": "2025-11-05T22:08:21.619576",
      "data": {
        "miner": "Hendrik",
        "message": "\u00c4bblercoin lebt!"
      },
      "previous_hash": "0000075d7388676fd5f439db4a9931cefbe234afecbd41e256b42d709efdfacd",
      "nonce": 14594,
      "hash": "00005f4480d7820b211b23765f1fa7ed8c35222a1279f2f49b3b0bf08338a608",
      "duration": 0.08
    },
    {
      "index": 79,
      "timestamp": "2025-11-05T22:08:22.809633",
      "data": {
        "miner": "Hendrik",
        "message": "\u00c4bblercoin lebt!"
      },
      "previous_hash": "00005f4480d7820b211b23765f1fa7ed8c35222a1279f2f49b3b0bf08338a608",
      "nonce": 264860,
      "hash": "000008f326280725c9204d7142b1e78a3e431799c34195b8e1388794a60c85f3",
      "duration": 1.27
    },
    {
      "index": 80,
      "timestamp": "2025-11-05T22:08:25.201369",
      "data": {
        "miner": "Hendrik",
        "message": "\u00c4bblercoin lebt!"
      },
      "previous_hash": "000008f326280725c9204d7142b1e78a3e431799c34195b8e1388794a60c85f3",
      "nonce": 1014570,
      "hash": "00000510b7c7040b9c1038088287b3c8b576a7863cc50e5ac2fcb6462a2618b7",
      "duration": 4.76
    },
    {
      "index": 81,
      "timestamp": "2025-11-05T22:08:31.057824",
      "data": {
        "miner": "Hendrik",
        "message": "\u00c4bblercoin lebt!"
      },
      "previous_hash": "00000510b7c7040b9c1038088287b3c8b576a7863cc50e5ac2fcb6462a2618b7",
      "nonce": 613660,
      "hash": "000006c107448adddbca977d0e32aae64bfff1475131b95422b235a6c921feee",
      "duration": 2.86
    },
    {
      "index": 82,
      "timestamp": "2025-11-05T22:08:35.001917",
      "data": {
        "miner": "Hendrik",
        "message": "\u00c4bblercoin lebt!"
      },
      "previous_hash": "000006c107448adddbca977d0e32aae64bfff1475131b95422b235a6c921feee",
      "nonce": 95881,
      "hash": "00000dd18d3c7ee835a15e7d1c09d03bf9042e5b96a4c03903cda4e99c420dc3",
      "duration": 0.46
    },
    {
      "index": 83,
      "timestamp": "2025-11-05T22:08:36.558470",
      "data": {
        "miner": "Hendrik",
        "message": "\u00c4bblercoin lebt!"
      },
      "previous_hash": "00000dd18d3c7ee835a15e7d1c09d03bf9042e5b96a4c03903cda4e99c420dc3",
      "nonce": 1380752,
      "hash": "000000ef2df4791288d09cd82c4dfa07607017432b860502e3be3716e915a1e5",
      "duration": 6.56
    },
    {
      "index": 84,
      "timestamp": "2025-11-05T22:08:44.216870",
      "data": {
        "miner": "Hendrik",
        "message": "\u00c4bblercoin lebt!"
      },
      "previous_hash": "000000ef2df4791288d09cd82c4dfa07607017432b860502e3be3716e915a1e5",
      "nonce": 580905,
      "hash": "00000e4176d8ca1e9c43146ab83caadbedec26bde0d42b4997c128d27cbdf301",
      "duration": 2.75
    },
    {
      "index": 85,
      "timestamp": "2025-11-05T22:08:48.081361",
      "data": {
        "miner": "Hendrik",
        "message": "\u00c4bblercoin lebt!"
      },
      "previous_hash": "00000e4176d8ca1e9c43146ab83caadbedec26bde0d42b4997c128d27cbdf301",
      "nonce": 393405,
      "hash": "00000ce4b12e22a3d1bb06bc1b5f803e09512f3a2ab61c2a3d19c61f946dfeac",
      "duration": 1.84
    },
    {
      "index": 86,
      "timestamp": "2025-11-05T22:08:51.023027",
      "data": {
        "miner": "Hendrik",
        "message": "\u00c4bblercoin lebt!"
      },
      "previous_hash": "00000ce4b12e22a3d1bb06bc1b5f803e09512f3a2ab61c2a3d19c61f946dfeac",
      "nonce": 61908,
      "hash": "000001def0adb37b70045f278ba45400e2281d04f89ab4b8eff66b58c7cfe705",
      "duration": 0.29
    },
    {
      "index": 87,
      "timestamp": "2025-11-05T22:08:52.446757",
      "data": {
        "miner": "Hendrik",
        "message": "\u00c4bblercoin lebt!"
      },
      "previous_hash": "000001def0adb37b70045f278ba45400e2281d04f89ab4b8eff66b58c7cfe705",
      "nonce": 102604,
      "hash": "000000b0a4fa66c77a4328916ac5ec86d64b1b16797917f411a39ec953922247",
      "duration": 0.48
    },
    {
      "index": 88,
      "timestamp": "2025-11-05T22:08:54.031375",
      "data": {
        "miner": "Hendrik",
        "message": "\u00c4bblercoin lebt!"
      },
      "previous_hash": "000000b0a4fa66c77a4328916ac5ec86d64b1b16797917f411a39ec953922247",
      "nonce": 110289583,
      "hash": "0000000c189e835fd7576ed0d0b2b4e9fb74d077af135a6b20e947fb773689a0",
      "duration": 514.9
    },
    {
      "index": 89,
      "timestamp": "2025-11-05T22:17:29.996761",
      "data": {
        "miner": "Hendrik",
        "message": "\u00c4bblercoin lebt!"
      },
      "previous_hash": "0000000c189e835fd7576ed0d0b2b4e9fb74d077af135a6b20e947fb773689a0",
      "nonce": 19041467,
      "hash": "000000c602a160b6fc18669c46d40876cab09f92ad2107c19da0dbcda5b0f7d7",
      "duration": 51.67
    },
    {
      "index": 90,
      "timestamp": "2025-11-05T22:18:22.771804",
      "data": {
        "miner": "Hendrik",
        "message": "\u00c4bblercoin lebt!"
      },
      "previous_hash": "000000c602a160b6fc18669c46d40876cab09f92ad2107c19da0dbcda5b0f7d7",
      "nonce": 1716466,
      "hash": "000003f7589ceb53d25368b1bcd68bce3fa8bd443b592601cd9e33f734d244c8",
      "duration": 8.09
    },
    {
      "index": 91,
      "timestamp": "2025-11-05T22:18:31.950918",
      "data": {
        "miner": "Hendrik",
        "message": "\u00c4bblercoin lebt!"
      },
      "previous_hash": "000003f7589ceb53d25368b1bcd68bce3fa8bd443b592601cd9e33f734d244c8",
      "nonce": 47098,
      "hash": "0000ee91f8f4ae84f2765cb547184d8210d36bccdfe9e8addc0777e66a5d4b0f",
      "duration": 0.22
    },
    {
      "index": 92,
      "timestamp": "2025-11-05T22:18:33.274235",
      "data": {
        "miner": "Hendrik",
        "message": "\u00c4bblercoin lebt!"
      },
      "previous_hash": "0000ee91f8f4ae84f2765cb547184d8210d36bccdfe9e8addc0777e66a5d4b0f",
      "nonce": 1264624,
      "hash": "00000cc99d78d064affecd974916c6b46799d81a70c4500370fb4b06d64438c3",
      "duration": 4.0
    },
    {
      "index": 93,
      "timestamp": "2025-11-05T22:18:38.356484",
      "data": {
        "miner": "Hendrik",
        "message": "\u00c4bblercoin lebt!"
      },
      "previous_hash": "00000cc99d78d064affecd974916c6b46799d81a70c4500370fb4b06d64438c3",
      "nonce": 452383,
      "hash": "000002ef7765e8e2ec3038312c9ae822005d638056c72d77f79f9d00ecb83454",
      "duration": 1.7
    },
    {
      "index": 94,
      "timestamp": "2025-11-05T22:18:41.153681",
      "data": {
        "miner": "Hendrik",
        "message": "\u00c4bblercoin lebt!"
      },
      "previous_hash": "000002ef7765e8e2ec3038312c9ae822005d638056c72d77f79f9d00ecb83454",
      "nonce": 1041815,
      "hash": "00000b5ae448dbe127c0c9a4da9bf7ca0af757a42e579dbbe9ebee481371cea5",
      "duration": 4.96
    },
    {
      "index": 95,
      "timestamp": "2025-11-05T22:18:47.248498",
      "data": {
        "miner": "Hendrik",
        "message": "\u00c4bblercoin lebt!"
      },
      "previous_hash": "00000b5ae448dbe127c0c9a4da9bf7ca0af757a42e579dbbe9ebee481371cea5",
      "nonce": 1055905,
      "hash": "0000086dbb8ea531bb9b47e18170b7219b516c3c7e0cc659c5037416766225fd",
      "duration": 5.02
    },
    {
      "index": 96,
      "timestamp": "2025-11-05T22:18:53.377018",
      "data": {
        "miner": "Hendrik",
        "message": "\u00c4bblercoin lebt!"
      },
      "previous_hash": "0000086dbb8ea531bb9b47e18170b7219b516c3c7e0cc659c5037416766225fd",
      "nonce": 53855,
      "hash": "000077d885d3253cceca8ee355ea183c253a9b3c1fe4c72f13c62b91a765a1a5",
      "duration": 0.26
    },
    {
      "index": 97,
      "timestamp": "2025-11-05T22:18:54.748750",
      "data": {
        "miner": "Hendrik",
        "message": "\u00c4bblercoin lebt!"
      },
      "previous_hash": "000077d885d3253cceca8ee355ea183c253a9b3c1fe4c72f13c62b91a765a1a5",
      "nonce": 1177097,
      "hash": "00000eb8bccef7d6a376d6dbe37c32a881efbebcf9867eae06d2962c68045a21",
      "duration": 5.64
    },
    {
      "index": 98,
      "timestamp": "2025-11-05T22:19:01.474654",
      "data": {
        "miner": "Hendrik",
        "message": "\u00c4bblercoin lebt!"
      },
      "previous_hash": "00000eb8bccef7d6a376d6dbe37c32a881efbebcf9867eae06d2962c68045a21",
      "nonce": 39642,
      "hash": "000088f44b5a4ece4e4a282842168e5bd60e9004ac1e333b2f1bc63de463fa24",
      "duration": 0.19
    },
    {
      "index": 99,
      "timestamp": "2025-11-05T22:19:02.747698",
      "data": {
        "miner": "Hendrik",
        "message": "\u00c4bblercoin lebt!"
      },
      "previous_hash": "000088f44b5a4ece4e4a282842168e5bd60e9004ac1e333b2f1bc63de463fa24",
      "nonce": 1458705,
      "hash": "0000075c93200d80ca3c9b18d398939f0732a3eee411a616a61f4ee5131b8a59",
      "duration": 6.93
    },
    {
      "index": 100,
      "timestamp": "2025-11-05T22:19:10.773015",
      "data": {
        "miner": "Hendrik",
        "message": "\u00c4bblercoin lebt!"
      },
      "previous_hash": "0000075c93200d80ca3c9b18d398939f0732a3eee411a616a61f4ee5131b8a59",
      "nonce": 1178,
      "hash": "0000943093ce7073c1f76a0fa23c6ae808f1fe0d3b11e537247c3c17de9cfbd2",
      "duration": 0.01
    },
    {
      "index": 101,
      "timestamp": "2025-11-05T22:19:11.886412",
      "data": {
        "miner": "Hendrik",
        "message": "\u00c4bblercoin lebt!"
      },
      "previous_hash": "0000943093ce7073c1f76a0fa23c6ae808f1fe0d3b11e537247c3c17de9cfbd2",
      "nonce": 1493851,
      "hash": "000007e7d281380e8a88e6a3f5df0c3b73ede653a3c0a5989ffee98c0167f3b4",
      "duration": 7.03
    },
    {
      "index": 102,
      "timestamp": "2025-11-05T22:19:20.007521",
      "data": {
        "miner": "Hendrik",
        "message": "\u00c4bblercoin lebt!"
      },
      "previous_hash": "000007e7d281380e8a88e6a3f5df0c3b73ede653a3c0a5989ffee98c0167f3b4",
      "nonce": 98297,
      "hash": "00007215b4c550a16cf8a54ea1c18a1bd0e99126139c62d7b971966a15b938e8",
      "duration": 0.47
    },
    {
      "index": 103,
      "timestamp": "2025-11-05T22:19:21.578710",
      "data": {
        "miner": "Hendrik",
        "message": "\u00c4bblercoin lebt!"
      },
      "previous_hash": "00007215b4c550a16cf8a54ea1c18a1bd0e99126139c62d7b971966a15b938e8",
      "nonce": 266043,
      "hash": "0000026e92724469041f82a3ef80f0d9c20947b593ec67fdf49db6d959d8130a",
      "duration": 1.27
    },
    {
      "index": 104,
      "timestamp": "2025-11-05T22:19:23.949854",
      "data": {
        "miner": "Hendrik",
        "message": "\u00c4bblercoin lebt!"
      },
      "previous_hash": "0000026e92724469041f82a3ef80f0d9c20947b593ec67fdf49db6d959d8130a",
      "nonce": 224043,
      "hash": "000005ad654fc736e915b5e08b0a57ae3af52f89c6bcf08801519c41d93ef8fa",
      "duration": 0.46
    },
    {
      "index": 105,
      "timestamp": "2025-11-05T22:19:25.474003",
      "data": {
        "miner": "Hendrik",
        "message": "\u00c4bblercoin lebt!"
      },
      "previous_hash": "000005ad654fc736e915b5e08b0a57ae3af52f89c6bcf08801519c41d93ef8fa",
      "nonce": 4033527,
      "hash": "000000dc5ec3f7b2ce5296364b3fe50a07b6866a5f5be2a4b0af053bad77b283",
      "duration": 8.29
    },
    {
      "index": 106,
      "timestamp": "2025-11-05T22:19:34.825229",
      "data": {
        "miner": "Hendrik",
        "message": "\u00c4bblercoin lebt!"
      },
      "previous_hash": "000000dc5ec3f7b2ce5296364b3fe50a07b6866a5f5be2a4b0af053bad77b283",
      "nonce": 56532,
      "hash": "000004c56e2832a3f06413892fb8cfa3a1e9fba46aa306757ec49d162958f10e",
      "duration": 0.12
    },
    {
      "index": 107,
      "timestamp": "2025-11-05T22:19:36.024009",
      "data": {
        "miner": "Hendrik",
        "message": "\u00c4bblercoin lebt!"
      },
      "previous_hash": "000004c56e2832a3f06413892fb8cfa3a1e9fba46aa306757ec49d162958f10e",
      "nonce": 16609739,
      "hash": "0000000116073dd0bc14792e1e2d2fdb10463983a88746749453d960ca7cc7f8",
      "duration": 69.16
    },
    {
      "index": 108,
      "timestamp": "2025-11-05T22:20:46.283009",
      "data": {
        "miner": "Hendrik",
        "message": "\u00c4bblercoin lebt!"
      },
      "previous_hash": "0000000116073dd0bc14792e1e2d2fdb10463983a88746749453d960ca7cc7f8",
      "nonce": 347875,
      "hash": "000009d89dd487702a2493478a51bee7abf6eb08859c86e69e77e378827e1ed5",
      "duration": 1.7
    },
    {
      "index": 109,
      "timestamp": "2025-11-05T22:20:49.110032",
      "data": {
        "miner": "Hendrik",
        "message": "\u00c4bblercoin lebt!"
      },
      "previous_hash": "000009d89dd487702a2493478a51bee7abf6eb08859c86e69e77e378827e1ed5",
      "nonce": 3286364,
      "hash": "000006780753c1030d3452550dd00f6bebc4507e695d7de67fcfaf2e05dd4fd6",
      "duration": 15.39
    },
    {
      "index": 110,
      "timestamp": "2025-11-05T22:21:05.561976",
      "data": {
        "miner": "Hendrik",
        "message": "\u00c4bblercoin lebt!"
      },
      "previous_hash": "000006780753c1030d3452550dd00f6bebc4507e695d7de67fcfaf2e05dd4fd6",
      "nonce": 11914,
      "hash": "0000a55b52fb58a5df3b90d3e093a369eeef5f3883f379873fe85edf0d1706b9",
      "duration": 0.03
    },
    {
      "index": 111,
      "timestamp": "2025-11-05T22:21:06.668841",
      "data": {
        "miner": "Hendrik",
        "message": "\u00c4bblercoin lebt!"
      },
      "previous_hash": "0000a55b52fb58a5df3b90d3e093a369eeef5f3883f379873fe85edf0d1706b9",
      "nonce": 1632626,
      "hash": "000006c51674948cb313c088bcbd5364bc02fdf4a18457ef1de19a4661ec5c4f",
      "duration": 3.36
    },
    {
      "index": 112,
      "timestamp": "2025-11-05T22:21:11.091612",
      "data": {
        "miner": "Hendrik",
        "message": "\u00c4bblercoin lebt!"
      },
      "previous_hash": "000006c51674948cb313c088bcbd5364bc02fdf4a18457ef1de19a4661ec5c4f",
      "nonce": 1167692,
      "hash": "00000918086eadd799169fb4eb10af6178d69247a617c643e0a0e990f0ffec8c",
      "duration": 2.32
    }
  ],
  "version": "1.0"
}